,gold_number,silver_number,bronze_number,total_number,Year
gold_number,1.0,0.30980644046464056,0.24724319389360142,0.780609942221678,feature_analysis_1960
silver_number,0.30980644046464056,1.0,0.28554455389977423,0.7151203019650103,feature_analysis_1960
bronze_number,0.24724319389360142,0.28554455389977423,1.0,0.6590935225384053,feature_analysis_1960
total_number,0.780609942221678,0.7151203019650103,0.6590935225384053,1.0,feature_analysis_1960
