,gold_number,silver_number,bronze_number,total_number,Year
gold_number,1.0,0.34237189574331944,0.28038009348548254,0.8138877816971474,feature_analysis_1964
silver_number,0.34237189574331944,1.0,0.20943477865483415,0.6941993345201419,feature_analysis_1964
bronze_number,0.28038009348548254,0.20943477865483415,1.0,0.6404110530359822,feature_analysis_1964
total_number,0.8138877816971474,0.6941993345201419,0.6404110530359822,1.0,feature_analysis_1964
