,gold_number,silver_number,bronze_number,total_number,Year
gold_number,1.0,0.2953265801221759,0.284791604580822,0.7724786821893727,feature_analysis_1980
silver_number,0.2953265801221759,1.0,0.3479401480463653,0.7268744309098119,feature_analysis_1980
bronze_number,0.284791604580822,0.3479401480463653,1.0,0.6960993871350725,feature_analysis_1980
total_number,0.7724786821893727,0.7268744309098119,0.6960993871350725,1.0,feature_analysis_1980
