,gold_number,silver_number,bronze_number,total_number,Year
gold_number,1.0,0.34802964165926614,0.3492494902243266,0.7877946588559223,feature_analysis_1988
silver_number,0.34802964165926614,1.0,0.2967790100178213,0.7196824355552043,feature_analysis_1988
bronze_number,0.3492494902243266,0.2967790100178213,1.0,0.7237618406702633,feature_analysis_1988
total_number,0.7877946588559223,0.7196824355552043,0.7237618406702633,1.0,feature_analysis_1988
