,gold_number,silver_number,bronze_number,total_number,Year
gold_number,1.0,0.2555431281587356,0.1505782712328933,0.7149578445881322,feature_analysis_1928
silver_number,0.2555431281587356,1.0,0.1555053124046886,0.6798492260896828,feature_analysis_1928
bronze_number,0.1505782712328933,0.1555053124046886,1.0,0.634698404822118,feature_analysis_1928
total_number,0.7149578445881322,0.6798492260896828,0.634698404822118,1.0,feature_analysis_1928
