,gold_number,silver_number,bronze_number,total_number,Year
gold_number,1.0,0.49676311557678765,0.26623845370251203,0.9194252051149293,feature_analysis_1896
silver_number,0.49676311557678765,1.0,0.5031852386235012,0.7443380091304714,feature_analysis_1896
bronze_number,0.26623845370251203,0.5031852386235012,1.0,0.5693741684520328,feature_analysis_1896
total_number,0.9194252051149293,0.7443380091304714,0.5693741684520328,1.0,feature_analysis_1896
