,gold_number,silver_number,bronze_number,total_number,Year
gold_number,1.0,0.31640504861236607,0.33724332959425707,0.6718945608061813,feature_analysis_1900
silver_number,0.31640504861236607,1.0,0.5835212262335112,0.8462190262267756,feature_analysis_1900
bronze_number,0.33724332959425707,0.5835212262335112,1.0,0.8170579159006908,feature_analysis_1900
total_number,0.6718945608061813,0.8462190262267756,0.8170579159006908,1.0,feature_analysis_1900
