,gold_number,silver_number,bronze_number,total_number,Year
gold_number,1.0,0.3517166918608995,0.2804653036779275,0.7943526273342414,feature_analysis_1956
silver_number,0.3517166918608995,1.0,0.3241859754852062,0.7361739134032425,feature_analysis_1956
bronze_number,0.2804653036779275,0.3241859754852062,1.0,0.6765108923045638,feature_analysis_1956
total_number,0.7943526273342414,0.7361739134032425,0.6765108923045638,1.0,feature_analysis_1956
