,gold_number,silver_number,bronze_number,total_number,Year
gold_number,1.0,0.40446610461096616,0.19024843476470044,0.7924067730756239,feature_analysis_1976
silver_number,0.40446610461096616,1.0,0.24583910152336577,0.7518170700048953,feature_analysis_1976
bronze_number,0.19024843476470044,0.24583910152336577,1.0,0.6108759789626383,feature_analysis_1976
total_number,0.7924067730756239,0.7518170700048953,0.6108759789626383,1.0,feature_analysis_1976
