,gold_number,silver_number,bronze_number,total_number,Year
gold_number,1.0,0.2465278117793167,0.28064505453873384,0.752733111839168,feature_analysis_1924
silver_number,0.2465278117793167,1.0,0.26502823312426327,0.6942654069583992,feature_analysis_1924
bronze_number,0.28064505453873384,0.26502823312426327,1.0,0.6901415008413547,feature_analysis_1924
total_number,0.752733111839168,0.6942654069583992,0.6901415008413547,1.0,feature_analysis_1924
