,gold_number,silver_number,bronze_number,total_number,Year
gold_number,1.0,0.36568648584144897,0.3852573048127955,0.8032164748551549,feature_analysis_1906
silver_number,0.36568648584144897,1.0,0.2811214082304198,0.7420507764165937,feature_analysis_1906
bronze_number,0.3852573048127955,0.2811214082304198,1.0,0.7010875888458498,feature_analysis_1906
total_number,0.8032164748551549,0.7420507764165937,0.7010875888458498,1.0,feature_analysis_1906
