,gold_number,silver_number,bronze_number,total_number,Year
gold_number,1.0,0.2901063414402034,0.10374902764039645,0.7709549505540585,feature_analysis_1920
silver_number,0.2901063414402034,1.0,0.3172344483219552,0.7233965924434597,feature_analysis_1920
bronze_number,0.10374902764039645,0.3172344483219552,1.0,0.5824135664040745,feature_analysis_1920
total_number,0.7709549505540585,0.7233965924434597,0.5824135664040745,1.0,feature_analysis_1920
