,gold_number,silver_number,bronze_number,total_number,Year
gold_number,1.0,0.23085526923532323,0.2162541170314982,0.7295041772652167,feature_analysis_2020
silver_number,0.23085526923532323,1.0,0.15038212990960903,0.6611277747308488,feature_analysis_2020
bronze_number,0.2162541170314982,0.15038212990960903,1.0,0.6564135407667027,feature_analysis_2020
total_number,0.7295041772652167,0.6611277747308488,0.6564135407667027,1.0,feature_analysis_2020
