,gold_number,silver_number,bronze_number,total_number,Year
gold_number,1.0,0.20548671339489893,0.1727092713175012,0.7373462656907924,feature_analysis_1996
silver_number,0.20548671339489893,1.0,0.16338897154838236,0.6456636410046557,feature_analysis_1996
bronze_number,0.1727092713175012,0.16338897154838236,1.0,0.6314282616306071,feature_analysis_1996
total_number,0.7373462656907924,0.6456636410046557,0.6314282616306071,1.0,feature_analysis_1996
