,gold_number,silver_number,bronze_number,total_number,Year
gold_number,1.0,0.709299098792675,0.8256080044537232,0.9208962136206902,feature_analysis_1904
silver_number,0.709299098792675,1.0,0.8175175371258459,0.9058989496450658,feature_analysis_1904
bronze_number,0.8256080044537232,0.8175175371258459,1.0,0.9484106264581826,feature_analysis_1904
total_number,0.9208962136206902,0.9058989496450658,0.9484106264581826,1.0,feature_analysis_1904
