,gold_number,silver_number,bronze_number,total_number,Year
gold_number,1.0,0.3541833393652283,0.13386709034345617,0.7635252645464251,feature_analysis_1932
silver_number,0.3541833393652283,1.0,0.29036744405356546,0.762234908468953,feature_analysis_1932
bronze_number,0.13386709034345617,0.29036744405356546,1.0,0.5972544035412377,feature_analysis_1932
total_number,0.7635252645464251,0.762234908468953,0.5972544035412377,1.0,feature_analysis_1932
