,gold_number,silver_number,bronze_number,total_number,Year
gold_number,1.0,0.31811513933840513,0.2388240555510546,0.7460919170617172,feature_analysis_2024
silver_number,0.31811513933840513,1.0,0.2527175946190836,0.7308441768837025,feature_analysis_2024
bronze_number,0.2388240555510546,0.2527175946190836,1.0,0.6709043979902174,feature_analysis_2024
total_number,0.7460919170617172,0.7308441768837025,0.6709043979902174,1.0,feature_analysis_2024
