,gold_number,silver_number,bronze_number,total_number,Year
gold_number,1.0,0.23366817063828918,0.24749466716152868,0.7394465288311242,feature_analysis_2000
silver_number,0.23366817063828918,1.0,0.16692466602719072,0.685042158792511,feature_analysis_2000
bronze_number,0.24749466716152868,0.16692466602719072,1.0,0.6454632450701858,feature_analysis_2000
total_number,0.7394465288311242,0.685042158792511,0.6454632450701858,1.0,feature_analysis_2000
