,gold_number,silver_number,bronze_number,total_number,Year
gold_number,1.0,0.37181186638525254,0.2300899880442713,0.7827733189925977,feature_analysis_2012
silver_number,0.37181186638525254,1.0,0.22618351667663258,0.7307859174975896,feature_analysis_2012
bronze_number,0.2300899880442713,0.22618351667663258,1.0,0.6398296323367144,feature_analysis_2012
total_number,0.7827733189925977,0.7307859174975896,0.6398296323367144,1.0,feature_analysis_2012
