,gold_number,silver_number,bronze_number,total_number,Year
gold_number,1.0,0.16888406588553945,0.18991750039504007,0.7346863409196844,feature_analysis_1936
silver_number,0.16888406588553945,1.0,0.12257564235714295,0.6503384141852109,feature_analysis_1936
bronze_number,0.18991750039504007,0.12257564235714295,1.0,0.5976514052430663,feature_analysis_1936
total_number,0.7346863409196844,0.6503384141852109,0.5976514052430663,1.0,feature_analysis_1936
