,gold_number,silver_number,bronze_number,total_number,Year
gold_number,1.0,0.41204726073032,0.18029686652830781,0.7856366975266508,feature_analysis_1952
silver_number,0.41204726073032,1.0,0.22189467037458208,0.7581998433035175,feature_analysis_1952
bronze_number,0.18029686652830781,0.22189467037458208,1.0,0.601343041740963,feature_analysis_1952
total_number,0.7856366975266508,0.7581998433035175,0.601343041740963,1.0,feature_analysis_1952
