,gold_number,silver_number,bronze_number,total_number,Year
gold_number,1.0,0.2881500140228468,0.24440996957456948,0.7443551659471768,feature_analysis_2008
silver_number,0.2881500140228468,1.0,0.2519773736628418,0.7100090920355242,feature_analysis_2008
bronze_number,0.24440996957456948,0.2519773736628418,1.0,0.6814240975743028,feature_analysis_2008
total_number,0.7443551659471768,0.7100090920355242,0.6814240975743028,1.0,feature_analysis_2008
