,gold_number,silver_number,bronze_number,total_number,Year
gold_number,1.0,0.2540241164575663,0.3463771907902675,0.751966362794476,feature_analysis_1912
silver_number,0.2540241164575663,1.0,0.3271520068000758,0.7109353973803539,feature_analysis_1912
bronze_number,0.3463771907902675,0.3271520068000758,1.0,0.7386651247322634,feature_analysis_1912
total_number,0.751966362794476,0.7109353973803539,0.7386651247322634,1.0,feature_analysis_1912
