,gold_number,silver_number,bronze_number,total_number,Year
gold_number,1.0,0.36734626426671124,0.13810319121615428,0.7841220456378726,feature_analysis_1984
silver_number,0.36734626426671124,1.0,0.2390580626172565,0.7463962585769333,feature_analysis_1984
bronze_number,0.13810319121615428,0.2390580626172565,1.0,0.5737879695318037,feature_analysis_1984
total_number,0.7841220456378726,0.7463962585769333,0.5737879695318037,1.0,feature_analysis_1984
