,gold_number,silver_number,bronze_number,total_number,Year
gold_number,1.0,0.3513235841297803,0.27658413024700845,0.7809891057490793,feature_analysis_1992
silver_number,0.3513235841297803,1.0,0.20577968380297232,0.7018923965681119,feature_analysis_1992
bronze_number,0.27658413024700845,0.20577968380297232,1.0,0.6754542879571486,feature_analysis_1992
total_number,0.7809891057490793,0.7018923965681119,0.6754542879571486,1.0,feature_analysis_1992
