,gold_number,silver_number,bronze_number,total_number,Year
gold_number,1.0,0.3990450259671788,0.32406197868965453,0.8172401107165007,feature_analysis_1972
silver_number,0.3990450259671788,1.0,0.2929904338759484,0.7320107059645987,feature_analysis_1972
bronze_number,0.32406197868965453,0.2929904338759484,1.0,0.686675256202209,feature_analysis_1972
total_number,0.8172401107165007,0.7320107059645987,0.686675256202209,1.0,feature_analysis_1972
