,gold_number,silver_number,bronze_number,total_number,Year
gold_number,1.0,0.2944170955038166,0.24749047566285892,0.7704062263610107,feature_analysis_1908
silver_number,0.2944170955038166,1.0,0.251529718972639,0.7044924192665304,feature_analysis_1908
bronze_number,0.24749047566285892,0.251529718972639,1.0,0.6603804980612066,feature_analysis_1908
total_number,0.7704062263610107,0.7044924192665304,0.6603804980612066,1.0,feature_analysis_1908
