,gold_number,silver_number,bronze_number,total_number,Year
gold_number,1.0,0.3175601083541476,0.14650471033089807,0.7475524861128189,feature_analysis_2016
silver_number,0.3175601083541476,1.0,0.19679352095125524,0.7081765299436596,feature_analysis_2016
bronze_number,0.14650471033089807,0.19679352095125524,1.0,0.6190155696998525,feature_analysis_2016
total_number,0.7475524861128189,0.7081765299436596,0.6190155696998525,1.0,feature_analysis_2016
