,gold_number,silver_number,bronze_number,total_number,Year
gold_number,1.0,0.19295061520001514,0.225530830458688,0.7449399644108495,feature_analysis_1948
silver_number,0.19295061520001514,1.0,0.18680421217858595,0.6699508851400575,feature_analysis_1948
bronze_number,0.225530830458688,0.18680421217858595,1.0,0.6285382820523178,feature_analysis_1948
total_number,0.7449399644108495,0.6699508851400575,0.6285382820523178,1.0,feature_analysis_1948
