,gold_number,silver_number,bronze_number,total_number,Year
gold_number,1.0,0.36936014828876934,0.3337196350782352,0.8355126466659992,feature_analysis_1968
silver_number,0.36936014828876934,1.0,0.24499960436770338,0.6902062803438629,feature_analysis_1968
bronze_number,0.3337196350782352,0.24499960436770338,1.0,0.6734462215463554,feature_analysis_1968
total_number,0.8355126466659992,0.6902062803438629,0.6734462215463554,1.0,feature_analysis_1968
