,gold_number,silver_number,bronze_number,total_number,Year
gold_number,1.0,0.25834851915828627,0.2341658844323718,0.7320822416944296,feature_analysis_2004
silver_number,0.25834851915828627,1.0,0.17512097087834383,0.6973563926450085,feature_analysis_2004
bronze_number,0.2341658844323718,0.17512097087834383,1.0,0.6514441146809296,feature_analysis_2004
total_number,0.7320822416944296,0.6973563926450085,0.6514441146809296,1.0,feature_analysis_2004
