,NOC,Sport,Year,gold_number,silver_number,bronze_number,total_number,athletes_number
NOC,1.0,-0.008939111390792844,-0.0053458648144243375,0.0646387256542436,0.027046737752916654,0.02013400002697053,0.054295358255134374,-0.0008878519616207348
Sport,-0.008939111390792844,1.0,0.016424883061755567,-0.00330190628687285,-0.004836952270596369,-0.005720098062957745,-0.006280320941638899,-0.11223370153585858
Year,-0.0053458648144243375,0.016424883061755567,1.0,-0.08388343849625428,-0.09385653230987405,-0.08399671798670597,-0.12088847102424545,-0.12322718617225205
gold_number,0.0646387256542436,-0.00330190628687285,-0.08388343849625428,1.0,0.3170149910613229,0.24902039009551347,0.7686605520042082,0.41991669021281064
silver_number,0.027046737752916654,-0.004836952270596369,-0.09385653230987405,0.3170149910613229,1.0,0.25539735918529355,0.7176598306983689,0.4332028939467864
bronze_number,0.02013400002697053,-0.005720098062957745,-0.08399671798670597,0.24902039009551347,0.25539735918529355,1.0,0.6638640063334311,0.41574338614643175
total_number,0.054295358255134374,-0.006280320941638899,-0.12088847102424545,0.7686605520042082,0.7176598306983689,0.6638640063334311,1.0,0.5868837312271286
athletes_number,-0.0008878519616207348,-0.11223370153585858,-0.12322718617225205,0.41991669021281064,0.4332028939467864,0.41574338614643175,0.5868837312271286,1.0
