,R-squared,Adj. R-squared,F-statistic,Prob (F-statistic),AIC,BIC
Short-term Model,0.8432695843581494,0.8245300781401019,44.999562664358045,3.3731325506013006e-32,1162.184862854725,1193.9175536444216
Long-term Model,0.8494801644506226,0.8296313949276277,42.79762347315781,3.8300455172806956e-32,1159.9798975760477,1194.3569792648855
