,Year,athletes_number,coach,gold_number,silver_number,bronze_number,total_number,score
Year,1.0,0.6076436202502,,0.10000000000000005,0.16754156331667816,0.16308201826336058,0.1887759614897078,0.1869719559950258
athletes_number,0.6076436202502,1.0,,0.075955452531275,-0.07953559537197226,0.09909574797525764,-5.0031153633254994e-17,-0.0026057870694055464
coach,,,,,,,,
gold_number,0.10000000000000005,0.075955452531275,,1.0,0.3350831266333563,0.9458757059274913,0.7416198487095664,0.7393111287509738
silver_number,0.16754156331667816,-0.07953559537197226,,0.3350831266333563,1.0,0.43716826061891984,0.869765041876354,0.8736673794816764
bronze_number,0.16308201826336058,0.09909574797525764,,0.9458757059274913,0.43716826061891984,1.0,0.8224250596397245,0.8168435845097779
total_number,0.1887759614897078,-5.0031153633254994e-17,,0.7416198487095664,0.869765041876354,0.8224250596397245,1.0,0.9998937741497135
score,0.1869719559950258,-0.0026057870694055464,,0.7393111287509738,0.8736673794816764,0.8168435845097779,0.9998937741497135,1.0
