,Year,athletes_number,coach,gold_number,silver_number,bronze_number,total_number,score
Year,1.0,0.46963984149690147,0.7159540741581665,0.3629138531224007,0.005956896111744483,-0.12739139760816925,0.15250801183999022,0.19104571224982983
athletes_number,0.46963984149690147,1.0,0.4564387469608101,0.5367825567987895,0.5498190890639781,0.5362184645076182,0.6811423637725289,0.6760996917643061
coach,0.7159540741581665,0.4564387469608101,1.0,0.14913584149122913,0.11867770279620522,0.022866454666833527,0.1332621812680192,0.140940419708763
gold_number,0.3629138531224007,0.5367825567987895,0.14913584149122913,1.0,0.430268165696714,0.2833097841996774,0.7958557512070757,0.8494427636983011
silver_number,0.005956896111744483,0.5498190890639781,0.11867770279620522,0.430268165696714,1.0,0.6474631465874989,0.8367311268478616,0.8027039496717342
bronze_number,-0.12739139760816925,0.5362184645076182,0.022866454666833527,0.2833097841996774,0.6474631465874989,1.0,0.7412032206738345,0.6822459901257162
total_number,0.15250801183999022,0.6811423637725289,0.1332621812680192,0.7958557512070757,0.8367311268478616,0.7412032206738345,1.0,0.9953655649580742
score,0.19104571224982983,0.6760996917643061,0.140940419708763,0.8494427636983011,0.8027039496717342,0.6822459901257162,0.9953655649580742,1.0
