,Year,athletes_number,coach,gold_number,silver_number,bronze_number,total_number,score
Year,1.0,-0.5167523265868932,0.7245688373094719,-0.6998677123677123,-0.4807955735670243,-0.10350983390135313,-0.7947194142390263,-0.7814686272264761
athletes_number,-0.5167523265868932,1.0,-0.15848577035006547,0.200921260371701,0.8128375466933515,-0.2476340161719773,0.5399590841984643,0.5053985037311302
coach,0.7245688373094719,-0.15848577035006547,1.0,-0.8189230248533257,-0.3760178619232375,0.35714285714285715,-0.630669771673144,-0.6755622278080391
gold_number,-0.6998677123677123,0.200921260371701,-0.8189230248533257,1.0,0.5461920202486094,-0.25197631533948484,0.8947540418023476,0.9250421872438707
silver_number,-0.4807955735670243,0.8128375466933515,-0.3760178619232375,0.5461920202486094,1.0,-0.5750861417649514,0.7557040959301621,0.7542058899446512
bronze_number,-0.10350983390135313,-0.2476340161719773,0.35714285714285715,-0.25197631533948484,-0.5750861417649514,1.0,-0.1371021242767705,-0.19555748699706396
total_number,-0.7947194142390263,0.5399590841984643,-0.630669771673144,0.8947540418023476,0.7557040959301621,-0.1371021242767705,1.0,0.9964071460729425
score,-0.7814686272264761,0.5053985037311302,-0.6755622278080391,0.9250421872438707,0.7542058899446512,-0.19555748699706396,0.9964071460729425,1.0
