,Year,athletes_number,coach,gold_number,silver_number,bronze_number,total_number,score
Year,1.0,-0.8948923447604561,,0.2626313485196031,-0.5632775750072286,0.24537386440559092,-0.006368866947734535,0.031216497176934165
athletes_number,-0.8948923447604561,1.0,,-0.28778789789915293,0.5866884934266138,-0.3936505418233789,-0.06638050222625116,-0.09213263869796441
coach,,,,,,,,
gold_number,0.2626313485196031,-0.28778789789915293,,1.0,-0.18182766360226457,-0.04548908392962817,0.7197234734938025,0.8142212938781943
silver_number,-0.5632775750072286,0.5866884934266138,,-0.18182766360226457,1.0,-0.10431214740568592,0.39890527018860367,0.31898604574977496
bronze_number,0.24537386440559092,-0.3936505418233789,,-0.04548908392962817,-0.10431214740568592,1.0,0.34012870182043614,0.23990419946461794
total_number,-0.006368866947734535,-0.06638050222625116,,0.7197234734938025,0.39890527018860367,0.34012870182043614,1.0,0.9880894470162801
score,0.031216497176934165,-0.09213263869796441,,0.8142212938781943,0.31898604574977496,0.23990419946461794,0.9880894470162801,1.0
