,Year,athletes_number,coach,gold_number,silver_number,bronze_number,total_number,score
Year,1.0,-0.3440025203869337,0.7687119460298759,0.021481094528178635,0.13516689320589464,-0.07050151275703355,0.044509141169926124,0.0472808870150155
athletes_number,-0.3440025203869337,1.0,-0.1644011241860073,0.6067165678476452,0.3549471633482733,0.6292890237748526,0.6076970334723734,0.6084761179445031
coach,0.7687119460298759,-0.1644011241860073,1.0,0.21757131728816848,0.31062502338500847,0.19278004625487868,0.2888673944988506,0.2871863032045416
gold_number,0.021481094528178635,0.6067165678476452,0.21757131728816848,1.0,0.6180178297269945,0.5966449874850455,0.8642779097167339,0.89010702506303
silver_number,0.13516689320589464,0.3549471633482733,0.31062502338500847,0.6180178297269945,1.0,0.535379233828413,0.8691349758306028,0.8625925687354081
bronze_number,-0.07050151275703355,0.6292890237748526,0.19278004625487868,0.5966449874850455,0.535379233828413,1.0,0.8128828609523777,0.7879081688335781
total_number,0.044509141169926124,0.6076970334723734,0.2888673944988506,0.8642779097167339,0.8691349758306028,0.8128828609523777,1.0,0.9982737728509956
score,0.0472808870150155,0.6084761179445031,0.2871863032045416,0.89010702506303,0.8625925687354081,0.7879081688335781,0.9982737728509956,1.0
