,Year,athletes_number,coach,gold_number,silver_number,bronze_number,total_number,score
Year,1.0,-0.5719694409972931,0.8528028654224417,0.40618119722996154,0.8528028654224417,0.6288082227054205,0.7790515509055429,0.7782001091003549
athletes_number,-0.5719694409972931,1.0,-0.6998542122237653,-0.04761904761904769,-0.6998542122237653,-0.44360697536713445,-0.5499132707335851,-0.537824945841802
coach,0.8528028654224417,-0.6998542122237653,1.0,0.408248290463863,0.9999999999999999,0.6985354731356996,0.8815776971107511,0.8789659480193144
gold_number,0.40618119722996154,-0.04761904761904769,0.408248290463863,1.0,0.408248290463863,0.6548483922086272,0.6989412573822531,0.7230184841685849
silver_number,0.8528028654224417,-0.6998542122237653,0.9999999999999999,0.408248290463863,1.0,0.6985354731356995,0.8815776971107511,0.8789659480193143
bronze_number,0.6288082227054205,-0.44360697536713445,0.6985354731356996,0.6548483922086272,0.6985354731356995,1.0,0.9380988339682019,0.9296856463890942
total_number,0.7790515509055429,-0.5499132707335851,0.8815776971107511,0.6989412573822531,0.8815776971107511,0.9380988339682019,1.0,0.9991650505426634
score,0.7782001091003549,-0.537824945841802,0.8789659480193144,0.7230184841685849,0.8789659480193143,0.9296856463890942,0.9991650505426634,1.0
