,Year,athletes_number,coach,gold_number,silver_number,bronze_number,total_number,score
Year,1.0,-0.5913555836802495,0.5030272728659588,-0.7371570249578466,-0.6151127390293093,-0.7985926733935999,-0.7786244631110298,-0.7727260307003817
athletes_number,-0.5913555836802495,1.0,-0.1348447610990207,0.7767057027795663,0.9009381155914107,0.6953796205993746,0.8605318038924579,0.8575524553048555
coach,0.5030272728659588,-0.1348447610990207,1.0,-0.24632776804686857,-0.3401657291610395,-0.2984947841386172,-0.317398900526363,-0.31080258624208795
gold_number,-0.7371570249578466,0.7767057027795663,-0.24632776804686857,1.0,0.8099507279135668,0.8364825116241691,0.9668547964684228,0.9736839303871043
silver_number,-0.6151127390293093,0.9009381155914107,-0.3401657291610395,0.8099507279135668,1.0,0.6393544467063652,0.8903128627520125,0.8909299917517489
bronze_number,-0.7985926733935999,0.6953796205993746,-0.2984947841386172,0.8364825116241691,0.6393544467063652,1.0,0.8938623528323008,0.8829415837381249
total_number,-0.7786244631110298,0.8605318038924579,-0.317398900526363,0.9668547964684228,0.8903128627520125,0.8938623528323008,1.0,0.9994432184256107
score,-0.7727260307003817,0.8575524553048555,-0.31080258624208795,0.9736839303871043,0.8909299917517489,0.8829415837381249,0.9994432184256107,1.0
