,Year,athletes_number,coach,gold_number,silver_number,bronze_number,total_number,score
Year,1.0,0.3739452827859005,0.7838410423427806,0.06837856599513575,0.34019049891488556,0.2953685733076579,0.4610778716213116,0.4379456794835987
athletes_number,0.3739452827859005,1.0,0.41504894289709976,-0.08333333333333327,0.4910536706937923,0.29853575474793664,0.4649737884748418,0.42194628235490256
coach,0.7838410423427806,0.41504894289709976,1.0,0.15811388300841894,0.5072278760633411,0.23993259039445394,0.5495460172565245,0.5434903634612472
gold_number,0.06837856599513575,-0.08333333333333327,0.15811388300841894,1.0,0.26280150311640116,-0.350626831087829,0.36384049342690306,0.5281321805131638
silver_number,0.34019049891488556,0.4910536706937923,0.5072278760633411,0.26280150311640116,1.0,-0.09282241389977877,0.5868522536427214,0.6287340733418886
bronze_number,0.2953685733076579,0.29853575474793664,0.23993259039445394,-0.350626831087829,-0.09282241389977877,1.0,0.6025559366817712,0.45186557290943213
total_number,0.4610778716213116,0.4649737884748418,0.5495460172565245,0.36384049342690306,0.5868522536427214,0.6025559366817712,1.0,0.9815633975376519
score,0.4379456794835987,0.42194628235490256,0.5434903634612472,0.5281321805131638,0.6287340733418886,0.45186557290943213,0.9815633975376519,1.0
